month,product,max_sales
Jan,Prod1,500
Jan,Prod2,1000
Jan,Prod3,300
Jan,Prod4,300
Jan,Prod5,800
Jan,Prod6,200
Jan,Prod7,100
Feb,Prod1,600
Feb,Prod2,500
Feb,Prod3,200
Feb,Prod4,0
Feb,Prod5,400
Feb,Prod6,300
Feb,Prod7,150
Mar,Prod1,300
Mar,Prod2,600
Mar,Prod3,0
Mar,Prod4,0
Mar,Prod5,500
Mar,Prod6,400
Mar,Prod7,100
Apr,Prod1,200
Apr,Prod2,300
Apr,Prod3,400
Apr,Prod4,500
Apr,Prod5,200
Apr,Prod6,0
Apr,Prod7,100
May,Prod1,0
May,Prod2,100
May,Prod3,500
May,Prod4,100
May,Prod5,1000
May,Prod6,300
May,Prod7,0
Jun,Prod1,500
Jun,Prod2,500
Jun,Prod3,100
Jun,Prod4,300
Jun,Prod5,1100
Jun,Prod6,500
Jun,Prod7,60
