day,depot,demand
Monday,Glasgow,100
Monday,Manchester,250
Monday,Birmingham,95
Monday,Plymouth,160
Tuesday,Glasgow,150
Tuesday,Manchester,143
Tuesday,Birmingham,195
Tuesday,Plymouth,99
Wednesday,Glasgow,135
Wednesday,Manchester,80
Wednesday,Birmingham,242
Wednesday,Plymouth,55
Thursday,Glasgow,83
Thursday,Manchester,225
Thursday,Birmingham,111
Thursday,Plymouth,96
Friday,Glasgow,120
Friday,Manchester,210
Friday,Birmingham,70
Friday,Plymouth,115
Saturday,Glasgow,230
Saturday,Manchester,98
Saturday,Birmingham,124
Saturday,Plymouth,80
