hour,order,step_hours,import_price,export_price
00-01,1,1.0,0.16,0.1
01-02,2,1.0,0.15,0.1
02-03,3,1.0,0.14,0.1
03-04,4,1.0,0.14,0.1
04-05,5,1.0,0.15,0.1
05-06,6,1.0,0.17,0.1
06-07,7,1.0,0.18,0.1
07-08,8,1.0,0.17,0.1
08-09,9,1.0,0.16,0.1
09-10,10,1.0,0.16,0.1
10-11,11,1.0,0.15,0.1
11-12,12,1.0,0.15,0.1
12-13,13,1.0,0.16,0.14
13-14,14,1.0,0.18,0.16
14-15,15,1.0,0.2,0.18
15-16,16,1.0,0.22,0.2
16-17,17,1.0,0.24,0.22
17-18,18,1.0,0.26,0.24
18-19,19,1.0,0.3,0.29
19-20,20,1.0,0.34,0.3
20-21,21,1.0,0.38,0.3
21-22,22,1.0,0.4,0.4
22-23,23,1.0,0.38,0.3
23-24,24,1.0,0.34,0.3
