id,title,domain,type,repo,url,license,n_vars,n_cons,n_int,open_solver,open_time_s,reference_objective,hooks,notes
gurobi_covid19_facility_location,COVID-19 healthcare facility capacity optimization,supply_chain_logistics,MILP,Gurobi/modeling-examples,https://github.com/Gurobi/modeling-examples/blob/master/covid19_facility_location/covid19_facility_location.ipynb,Apache-2.0,225,32,9,HiGHS,0.18,1521653.42,"County demand forecasts, existing facility capacities, candidate temporary facility fixed costs and capacities, cost per mile (notebook also runs a +20% demand scenario)",Base scenario (solve 1 of 2 in the notebook).
gurobi_customer_assignment,Customer assignment (facility location with clustered demand),supply_chain_logistics,IP,Gurobi/modeling-examples,https://github.com/Gurobi/modeling-examples/blob/master/customer_assignment/customer_assignment.ipynb,Apache-2.0,993,1024,993,HiGHS,0.022,5815.04,"Customer locations (pre-clustered with k-means), candidate facility sites, maximum facilities to open, distance threshold",Customer coordinates are generated with a fixed seed; the k-means preprocessing (scikit-learn) must be frozen into the data tables when porting.
gurobi_drone_network,Drone-network design for out-of-hospital cardiac arrests,supply_chain_logistics,MILP,Gurobi/modeling-examples,https://github.com/Gurobi/modeling-examples/blob/master/drone_network/drone_network.ipynb,Apache-2.0,966,1987,483,HiGHS,0.048,37.3232,"Candidate drone bases, demand points and base-to-demand distances, response-time threshold, number of drones/bases to deploy",Reads three CSV files shipped in the example folder.
gurobi_food_supply,Food supply chain for humanitarian aid (World Food Programme case),supply_chain_logistics,LP,Gurobi/modeling-examples,https://github.com/Gurobi/modeling-examples/blob/master/food_program/food_supply.ipynb,Apache-2.0,1397,437,0,HiGHS,0.025,400812394.0,"Nutrient requirements, commodity nutritional values, procurement prices per supplier, transport cost per arc, beneficiaries per city",Reads seven CSV files shipped in the example folder.
gurobi_factory_planning_1,Factory Planning I,production_planning,LP,Gurobi/modeling-examples,https://github.com/Gurobi/modeling-examples/blob/master/factory_planning/factory_planning_1.ipynb,Apache-2.0,126,79,0,HiGHS,0.003,93715.18,"Monthly market limits per product, machine hours per product, maintenance (machines down) table, profit contributions, storage cost, end stock target","PORTED: whatifgym/models/factory_planning (verified on HiGHS, SCIP, CBC, Gurobi)."
gurobi_factory_planning_2,Factory Planning II (maintenance schedule as a decision),production_planning,MILP,Gurobi/modeling-examples,https://github.com/Gurobi/modeling-examples/blob/master/factory_planning/factory_planning_2.ipynb,Apache-2.0,156,84,30,HiGHS,0.017,108855.0,Same tables as Factory Planning I plus the number of machines of each type that must undergo maintenance in the horizon,
gurobi_food_manufacture_1,Food Manufacture I (oil blending and purchasing),production_planning,LP,Gurobi/modeling-examples,https://github.com/Gurobi/modeling-examples/blob/master/food_manufacturing/food_manufacture_1.ipynb,Apache-2.0,96,70,0,HiGHS,0.002,107842.59,"Monthly oil purchase prices, hardness values, refining capacities, storage capacity and cost, product price, hardness bounds",Food Manufacture II adds logical (indicator) constraints that the LP-file route could not read in HiGHS; port directly if wanted.
gurobi_farm_planning,"Farm Planning (multi-year herd, crop and capital plan)",production_planning,LP,Gurobi/modeling-examples,https://github.com/Gurobi/modeling-examples/blob/master/farm_planning/farm_planning.ipynb,Apache-2.0,131,116,0,HiGHS,0.002,121719.17,"Land area, herd dynamics, yields and prices, labour hours per activity, capital and loan limits, housing capacity",
gurobi_mining,Mining (multi-year mine operation and blending),production_planning,MILP,Gurobi/modeling-examples,https://github.com/Gurobi/modeling-examples/blob/master/mining/mining.ipynb,Apache-2.0,65,71,40,HiGHS,0.123,146861974.36,"Per-mine royalty, extraction capacity and ore quality, yearly blended-quality targets, selling price, discount rate, maximum mines operated per year",
gurobi_manpower_planning,"Manpower Planning (recruitment, retraining, redundancy over 3 years)",scheduling,LP,Gurobi/modeling-examples,https://github.com/Gurobi/modeling-examples/blob/master/manpower_planning/manpower_planning.ipynb,Apache-2.0,72,30,0,HiGHS,0.001,841.8,"Yearly manpower requirements per skill level, attrition rates, recruitment caps, retraining capacities and costs, redundancy/overmanning/short-time costs",Objective here is minimum redundancy (the notebook's first objective).
ortools_jobshop_ft06_sat,"Job-shop scheduling, Fisher-Thompson 6x6 instance",scheduling,CP-SAT,google/or-tools,https://github.com/google/or-tools/blob/stable/examples/python/jobshop_ft06_sat.py,Apache-2.0,73,73,73,CP-SAT,0.021,55.0,"Job routings, processing times, machine availability; makespan objective",Interval/no-overlap model; a MIP port needs disjunctive big-M constraints.
ortools_flexible_job_shop_sat,Flexible job-shop scheduling,scheduling,CP-SAT,google/or-tools,https://github.com/google/or-tools/blob/stable/examples/python/flexible_job_shop_sat.py,Apache-2.0,109,136,109,CP-SAT,0.029,6.0,"Alternative machines per task with different durations, job routings; makespan objective",
ortools_single_machine_scheduling_sat,"Single machine scheduling with setup times, release and due dates",scheduling,CP-SAT,google/or-tools,https://github.com/google/or-tools/blob/stable/examples/python/single_machine_scheduling_with_setup_release_due_dates_sat.py,Apache-2.0,271,245,271,CP-SAT,0.271,112605.0,"Job durations, release dates, due dates, sequence-dependent setup matrix; weighted lateness objective",Run with the script's default flags.
ortools_task_allocation_sat,Task allocation to time slots with capacity,scheduling,CP-SAT,google/or-tools,https://github.com/google/or-tools/blob/stable/examples/python/task_allocation_sat.py,Apache-2.0,2552,2651,2552,CP-SAT,0.938,17.0,"Task-to-slot eligibility table, per-slot capacity; minimise number of slots used",Largest CP-SAT model in the shortlist; still under one second.
gurobi_battery_scheduling,Battery scheduling against hourly prices with PV and load,energy_power,LP,Gurobi/modeling-examples,https://github.com/Gurobi/modeling-examples/blob/master/battery_scheduling/battery_scheduling.ipynb,Apache-2.0,72,25,0,HiGHS,0.001,1.56625,"Hourly import/export prices, load and PV profiles, battery energy capacity, charge/discharge limits and efficiencies, cycling cost",Default variant 'S'; the 'LGS' variant adds indicator constraints.
gurobi_electrical_power_2,Electrical Power Generation 2 (thermal units plus pumped hydro),energy_power,MILP,Gurobi/modeling-examples,https://github.com/Gurobi/modeling-examples/blob/master/electrical_power_generation/electrical_power_2.ipynb,Apache-2.0,75,85,50,HiGHS,0.155,1000630.0,"Demand per period, generator min/max output, running and startup costs, hydro output and reservoir depletion, pumping efficiency",Part 1 (45 variables) is just below the size floor.
gurobi_optimize_power_schedule,Power generation schedule (unit commitment with startup and health costs),energy_power,MILP,Gurobi/modeling-examples,https://github.com/Gurobi/modeling-examples/blob/master/power_generation/optimize_power_schedule.ipynb,Apache-2.0,960,1722,720,HiGHS,0.047,4495153.46,"Hourly demand curve, plant capacities, fuel, operating, startup and health-cost tables (small_plant_data/; a large variant ships too)",Reads CSV files from the example folder.
pypsa_unit_commitment,"PyPSA unit commitment example (two generators, 30 snapshots)",energy_power,MILP,PyPSA/PyPSA,https://github.com/PyPSA/PyPSA/blob/master/docs/examples/unit-commitment.ipynb,MIT (code); CC-BY-4.0 (notebook),240,598,180,HiGHS (linopy),0.013,2227450.0,"Load profile, generator marginal and startup costs, min up/down times, ramp limits, minimum stable output",Data is inline in the notebook; the 4-snapshot variant is too small (32 variables).
ortools_multiple_knapsack,Multiple knapsack,packing_assignment_covering,IP,google/or-tools,https://github.com/google/or-tools/blob/stable/ortools/sat/samples/multiple_knapsack_sat.py,Apache-2.0,75,20,75,HiGHS / CP-SAT,0.064,395.0,"Item weights and values, bin capacities, number of bins","PORTED: whatifgym/models/multiple_knapsack (verified on HiGHS, SCIP, CBC, CP-SAT, Gurobi)."
ortools_bin_packing_mip,Bin packing (minimise bins used),packing_assignment_covering,IP,google/or-tools,https://github.com/google/or-tools/blob/stable/ortools/linear_solver/samples/bin_packing_mip.py,Apache-2.0,132,22,132,SCIP (pywraplp),0.005,4.0,"Item weights, bin capacity, number of candidate bins",
pulp_wedding_seating,Wedding seating as set partitioning,packing_assignment_covering,IP,coin-or/pulp,https://github.com/coin-or/pulp/blob/master/examples/wedding.py,MIT,3213,18,3213,HiGHS,0.334,12.0,"Guest list and ranks, maximum tables, maximum table size","PORTED: whatifgym/models/wedding_seating (verified on HiGHS, SCIP, CBC, CP-SAT)."
ortools_assignment_with_constraints_sat,Assignment with group constraints,packing_assignment_covering,CP-SAT,google/or-tools,https://github.com/google/or-tools/blob/stable/examples/python/assignment_with_constraints_sat.py,Apache-2.0,84,33,84,CP-SAT,0.027,239.0,"Worker-task cost matrix, allowed group combinations (table constraints), tasks per worker",Uses table constraints; a MIP port enumerates the allowed combinations.
gurobi_technician_routing_scheduling,Technician routing and scheduling,network_routing,MILP,Gurobi/modeling-examples,https://github.com/Gurobi/modeling-examples/blob/master/technician_routing_scheduling/technician_routing_scheduling.ipynb,Apache-2.0,660,217,630,HiGHS,0.092,12410.0,"Technician skills, capacities and depots; job durations, priorities and time windows; distance matrix (Excel scenarios Sce0/Sce3)",Objective for scenario Sce3 (Sce0 has objective 0). Data is an Excel workbook in the example folder.
gurobi_railway_dispatching,Railway dispatching (rescheduling trains after a delay),network_routing,MILP,Gurobi/modeling-examples,https://github.com/Gurobi/modeling-examples/blob/master/railway_dispatching/railway_dispatching.ipynb,Apache-2.0,218,367,180,HiGHS,0.562,47.0,"Train timetable, track-segment occupancy, minimum headways, delay scenario",
gurobi_airline_planning,Airline planning after flight disruption,network_routing,IP,Gurobi/modeling-examples,https://github.com/Gurobi/modeling-examples/blob/master/aviation_planning/airlineplanning.ipynb,Apache-2.0,1930,536,1930,HiGHS,0.027,561087.0,"Flight rotation schedule, aircraft start/end positions, itinerary revenues (CSV files in data/)",Notebook needs a one-line pandas-3 compatibility patch (groupby().apply(list)).
ortools_tsp_sat,Travelling salesman with the circuit constraint (40 cities),network_routing,CP-SAT,google/or-tools,https://github.com/google/or-tools/blob/stable/examples/python/tsp_sat.py,Apache-2.0,1560,1,1560,CP-SAT,0.582,216449.0,"Distance matrix (fixed in the script); forbid or force arcs, add cities",Gurobi's tsp.ipynb uses lazy subtour cuts and is deferred until a cut loop exists on open solvers.
gurobi_economic_planning,Economic Planning (input-output model with capacity building),revenue_resource_planning,LP,Gurobi/modeling-examples,https://github.com/Gurobi/modeling-examples/blob/master/economic_planning/economic_planning.ipynb,Apache-2.0,51,33,0,HiGHS,0.001,1902.22,"Input-output coefficients between industries, capacity-building coefficients, exogenous demand, initial stocks and capacities, manpower limits",Objective of the notebook's second model (maximise total production); the first model is 3 variables.
gurobi_fantasy_basketball_1,Fantasy basketball line-up under a salary cap (part 1),revenue_resource_planning,IP,Gurobi/modeling-examples,https://github.com/Gurobi/modeling-examples/blob/master/fantasy_basketball/fantasy_basketball_part1.ipynb,Apache-2.0,96,97,96,HiGHS,0.017,171.92,"Predicted points per player, salaries, salary cap, position requirements",Predicted points come from a regression step in the notebook; freeze them into the data table when porting.
gurobi_car_rental_1,"Car Rental 1 (fleet positioning, transfers and repairs)",revenue_resource_planning,LP,Gurobi/modeling-examples,https://github.com/Gurobi/modeling-examples/blob/master/car_rental/car_rental_1.ipynb,Apache-2.0,289,97,0,HiGHS,0.003,121160.21,"Daily rental demand per depot, price by rental length, return-depot shares, damage rates and repair capacities, transfer costs",
gurobi_car_rental_2,Car Rental 2 (adds repair-capacity expansion decisions),revenue_resource_planning,MILP,Gurobi/modeling-examples,https://github.com/Gurobi/modeling-examples/blob/master/car_rental/car_rental_2.ipynb,Apache-2.0,294,118,5,HiGHS,0.02,132341.47,Same tables as Car Rental 1 plus repair-capacity expansion options and costs,
