supplier,food,price
Aleppo,Beans,2781.6
Aleppo,Bulgur,1140.78
Aleppo,Cheese,4856.08
Aleppo,Chickpeas,1545.27
Aleppo,Dates,3507.66
Aleppo,Fish,8031.74
Aleppo,Lentils,1682.86
Aleppo,Meat,14637.37
Aleppo,Milk,1243.79
Aleppo,Oil,3209.79
Aleppo,Rice,1719.78
Aleppo,Sugar,1330.82
Aleppo,Wheatflour,1048.02
As_Suweida,Beans,2931.64
As_Suweida,Bulgur,1369.06
As_Suweida,Cheese,4667.97
As_Suweida,Chickpeas,1926.07
As_Suweida,Dates,3908.45
As_Suweida,Fish,9487.86
As_Suweida,Lentils,1917.5
As_Suweida,Meat,13751.05
As_Suweida,Milk,905.35
As_Suweida,Oil,3854.6
As_Suweida,Rice,1485.76
As_Suweida,Sugar,1360.39
As_Suweida,Wheatflour,1194.98
Damascus,Beans,3360.25
Damascus,Bulgur,1213.61
Damascus,Cheese,4401.05
Damascus,Chickpeas,1955.07
Damascus,Dates,3758.75
Damascus,Fish,10200.98
Damascus,Lentils,1759.06
Damascus,Meat,14502.89
Damascus,Milk,954.05
Damascus,Oil,3513.73
Damascus,Rice,1640.3
Damascus,Sugar,1316.96
Damascus,Wheatflour,1132.83
Daraa,Beans,3498.93
Daraa,Bulgur,1308.43
Daraa,Cheese,3949.85
Daraa,Chickpeas,1442.84
Daraa,Dates,3624.71
Daraa,Fish,9702.98
Daraa,Lentils,1721.23
Daraa,Meat,13567.38
Daraa,Milk,1014.05
Daraa,Oil,3538.46
Daraa,Rice,2054.62
Daraa,Sugar,1344.26
Daraa,Wheatflour,1106.87
Dayr_Az_Zor,Beans,3569.61
Dayr_Az_Zor,Bulgur,1699.02
Dayr_Az_Zor,Cheese,5250.71
Dayr_Az_Zor,Chickpeas,2389.77
Dayr_Az_Zor,Dates,5463.01
Dayr_Az_Zor,Fish,13952.11
Dayr_Az_Zor,Lentils,1978.11
Dayr_Az_Zor,Meat,16174.57
Dayr_Az_Zor,Milk,1651.7
Dayr_Az_Zor,Oil,4934.27
Dayr_Az_Zor,Rice,2032.78
Dayr_Az_Zor,Sugar,3960.6
Dayr_Az_Zor,Wheatflour,1532.02
Hama,Beans,3420.83
Hama,Bulgur,1312.39
Hama,Cheese,4577.32
Hama,Chickpeas,2020.41
Hama,Dates,3850.5
Hama,Fish,11499.2
Hama,Lentils,1796.77
Hama,Meat,13834.74
Hama,Milk,1253.39
Hama,Oil,3659.7
Hama,Rice,1768.67
Hama,Sugar,1284.6
Hama,Wheatflour,1121.18
Hassakeh,Beans,2675.23
Hassakeh,Bulgur,1256.44
Hassakeh,Cheese,4034.07
Hassakeh,Chickpeas,1704.37
Hassakeh,Dates,2874.19
Hassakeh,Fish,9401.05
Hassakeh,Lentils,1471.91
Hassakeh,Meat,12776.98
Hassakeh,Milk,928.83
Hassakeh,Oil,2591.32
Hassakeh,Rice,1665.43
Hassakeh,Sugar,1425.01
Hassakeh,Wheatflour,1083.34
Homs,Beans,3331.51
Homs,Bulgur,1309.08
Homs,Cheese,4332.71
Homs,Chickpeas,1963.68
Homs,Dates,3649.14
Homs,Fish,10965.2
Homs,Lentils,1759.3
Homs,Meat,14223.14
Homs,Milk,994.46
Homs,Oil,3587.86
Homs,Rice,1050.25
Homs,Sugar,1276.66
Homs,Wheatflour,1086.36
